First Name,Last Name,Email,Company,Job Title,Industry,Company Size,priority,priority_score,priority_reason,persona,persona_description,email_subject,email_body,simulated_reply,response_category,status
Elon,Musk,elon@spacex.com,SpaceX,CEO,Aerospace,10000+,High,10,"The lead is the CEO of SpaceX, a major player in the Aerospace industry. With significant decision-making authority and a large company size, they have substantial budget potential for AI and automation solutions.",The Space Pioneer,"A visionary leader at the forefront of aerospace innovation, focused on groundbreaking advancements and long-term impact on humanity. They prioritize strategic investments that elevate their company's market position and push the boundaries of technology.",Elevating SpaceX's Edge in Aerospace Innovation,"Hi Elon,<br><br>As the visionary CEO of SpaceX, your role in advancing aerospace innovation is unparalleled. I believe NexusAI can significantly enhance your operations by automating data processes, allowing your team to focus on groundbreaking projects and leading the industry.<br><br>Open to a 5-minute chat? <br><br>Best,<br>NexusAI Growth Team",Thanks for the email. I'd be interested in hearing more about how NexusAI could streamline our processes. Can we schedule a quick call this week?,Interested,Sent
Md Al,Amin,nsuer.alamin@gmail.com,GTR Ltd,Jr. AI Engineer,AI Solutions,50-100,Low,3,"The lead is a Junior AI Engineer at a small company (50-100 employees). This role typically lacks decision-making authority and budget control, making it a low priority for high-value partnerships.",The AI Enthusiast,"A passionate junior engineer focused on leveraging artificial intelligence to solve real-world problems. They are eager to learn and innovate, constantly seeking the latest technologies to enhance their skills and contribute to impactful projects.",Quick question regarding GTR Ltd's AI projects,"Hi Md Al,<br><br>As a <b>Jr. AI Engineer</b> at GTR Ltd, I thought you'd appreciate how NexusAI can save you time by automating repetitive tasks, allowing you to focus more on innovative AI solutions.<br><br>Open to a 5-minute chat?<br><br>Best,<br>NexusAI Growth Team",Thanks for reaching out! I'm interested in learning more about how NexusAI can help streamline our processes. Do you have availability for a call later this week?,Interested,Sent
Michael,Scott,m.scott@dundermifflin.com,Dunder Mifflin,Regional Manager,Paper & Distribution,10-50,Low,2,"The lead is a Regional Manager at a small company in the Paper & Distribution industry, which is unrelated to AI. Limited decision-making authority and budget potential.",The Operational Overseer,A practical and results-driven manager focused on maximizing team performance and operational efficiency. They prioritize meeting KPIs and ensuring their team has the resources and support needed to thrive in a competitive industry.,Streamlining operations at Dunder Mifflin,"Hi Michael,<br><br>As the <b>Regional Manager</b> at Dunder Mifflin, you might find it interesting how NexusAI can help your team save time by automating tedious data entry tasks in the paper distribution sector.<br><br>Open to a 5-minute chat? I'd love to explore how we can ease your workload.<br><br>Best,<br>NexusAI Growth Team",Thanks for reaching out. I'm always looking for ways to improve efficiency; let's schedule a quick call this week to discuss further.,Interested,Sent
Sarah,Connor,s.connor@cyberdyne.io,Cyberdyne Systems,Security Operations Lead,Robotics,500-1000,Medium,6,"The lead is a Security Operations Lead at a mid-sized company in the Robotics industry. While the company size is appropriate, the job title indicates a mid-level position, which may limit decision-making authority.",The Cyber Guardian,"A proactive leader in cybersecurity for robotics, Sarah is focused on protecting her company's innovations from potential threats. She prioritizes the integration of advanced security protocols while ensuring team efficiency and compliance with industry standards.",Enhancing Cybersecurity at Cyberdyne Systems,"Hi Sarah,<br><br>As the <b>Security Operations Lead</b> at Cyberdyne Systems, I wanted to share how NexusAI can help you streamline your security processes and save valuable time by automating threat detection tasks...<br><br>Open to a 5-minute chat?<br><br>Best,<br>NexusAI Growth Team",Thanks for reaching out. I'm interested in learning more about how NexusAI can enhance our security operations—let's schedule a brief chat this week.,Interested,Sent
Satya,Nadella,satya@microsoft.com,Microsoft,CEO,Software,10000+,High,10,"The lead is the CEO of Microsoft, a major player in the software industry with over 10,000 employees. This position indicates high decision-making authority and significant budget potential for AI solutions.",The Strategic Innovator,A visionary leader who prioritizes long-term growth and innovation in the tech landscape. They are driven by the need to maintain market dominance while continually exploring new technological advancements.,Unlock Microsoft’s Next Level of Innovation,"Hi Satya,<br><br>As the <b>CEO</b> of <b>Microsoft</b>, I’m sure you’re constantly seeking ways to enhance operational efficiency and market leadership. With NexusAI, you can transform your software automation processes, driving significant ROI while maintaining your innovative edge.<br><br>Open to a 5-minute chat?<br><br>Best,<br>NexusAI Growth Team",Thanks for the email. I'm interested in learning how NexusAI can enhance our automation processes. Let's schedule a brief call to discuss further.,Interested,Sent
Arman,Hossain,arman@tech-bangla.com,TechBangla,CTO,E-commerce,1-10,Low,2,The lead is a CTO of a very small E-commerce company with only 1-10 employees. This indicates limited decision-making authority and budget potential for high-value partnerships.,The E-commerce Innovator,"A tech-savvy leader at the forefront of digital commerce, constantly seeking ways to enhance the online consumer experience while driving operational efficiency. They are focused on leveraging cutting-edge technology to maintain a competitive edge in the fast-paced e-commerce landscape.",Quick question regarding TechBangla's operations,"Hi Arman,<br><br>As the <b>CTO</b> at TechBangla, I thought you'd find it interesting how NexusAI is streamlining E-commerce processes for companies like yours by automating manual data tasks. Imagine saving hours each week, allowing your team to focus on innovation instead!<br><br>Open to a 5-minute chat?<br>Best,<br>NexusAI Growth Team",Thanks for reaching out. I'm intrigued by the potential to streamline our processes; let's schedule that chat for later this week.,Interested,Sent
Dwight,Schrute,d.schrute@dundermifflin.com,Dunder Mifflin,Assistant to the Regional Manager,Paper,10-50,Low,2,"The lead is an Assistant to the Regional Manager at a small paper company, which indicates limited decision-making authority and budget potential for AI solutions.",The Efficiency Enforcer,"A detail-oriented mid-level manager who prioritizes team productivity and operational effectiveness. They strive to implement processes that enhance efficiency while keeping team morale high, often driven by metrics and performance indicators.",Quick question regarding Dunder Mifflin's operations,"Hi Dwight,<br><br>As the <b>Efficiency Enforcer</b> at Dunder Mifflin, I thought you'd be interested in how NexusAI can help streamline your manual processes, saving valuable time for your team.<br><br>Open to a 5-minute chat?<br>Best,<br>NexusAI Growth Team",Thanks for reaching out. I'm always looking for ways to improve efficiency—let's schedule a time to chat this week.,Interested,Sent
Peter,Parker,p.parker@dailybugle.com,Daily Bugle,Photojournalist,Media,50-200,Low,2,"The lead is a Photojournalist at a media company, which is not directly related to tech or AI. The role lacks decision-making authority, and the company size indicates limited budget potential.",The Storytelling Strategist,"A creative and resourceful photojournalist who thrives on capturing compelling narratives through visuals. They are driven by the need to report impactful stories that resonate with the audience, while also seeking innovative ways to enhance their storytelling through technology.",Quick question regarding Daily Bugle's operations,"Hi Peter,<br><br>As a <b>Photojournalist</b> at Daily Bugle, you know how critical it is to streamline your workflows for maximum storytelling impact. NexusAI can help media professionals like you automate repetitive tasks, freeing up your time to focus on what you do best—crafting compelling narratives.<br><br>Open to a 5-minute chat?<br><br>Best,<br>NexusAI Growth Team",Thanks for reaching out! I’m interested in hearing how NexusAI can support my work. Can we schedule a chat for this week?,Interested,Sent
Tony,Stark,tony@starkindustries.com,Stark Industries,Founder,Energy & Defense,5000+,High,9,"The lead is the Founder of Stark Industries, a large company in the Energy & Defense sector. This position indicates high decision-making authority and the company size suggests significant budget potential for AI solutions.",The Strategic Innovator,"A dynamic leader at the forefront of the energy and defense sectors, focused on integrating cutting-edge technology and sustainable practices. Driven by the challenge of maintaining competitive advantage while fulfilling corporate social responsibility, Tony is constantly seeking innovative solutions that can propel his company into the future.",Exploring innovative solutions for Stark Industries,"Hi Tony,<br><br>As the <b>Founder</b> of Stark Industries, I believe you're always looking for ways to lead in the <b>Energy & Defense</b> space. NexusAI can help transform your operations by automating complex processes, allowing your team to focus on innovation and market leadership.<br><br>Open to a 5-minute chat to explore how we can enhance your strategic initiatives?<br><br>Best,<br>NexusAI Growth Team",I appreciate your outreach! I'm interested in learning more about how NexusAI can fit into our initiatives. Can we schedule a call next week?,Interested,Sent
Lutfur,Rahman,lutfur@dhaka-solutions.net,Dhaka Solutions,Founder,IT Services,1-10,Low,2,"The lead is a Founder of a very small IT Services company with only 1-10 employees, indicating limited budget potential and decision-making authority in the context of high-value partnerships.",The Agile Innovator,A dynamic founder who thrives on adaptability and rapid growth. They are focused on leveraging technology to solve problems and are passionate about delivering innovative solutions that cater to their clients' evolving needs.,Enhancing Efficiency at Dhaka Solutions,"Hi Lutfur,<br><br>As the <b>Founder</b> at <b>Dhaka Solutions</b>, you likely juggle many tasks. NexusAI can help streamline your operations by automating manual processes, freeing up your time to focus on innovation.<br><br>Open to a 5-minute chat to explore how we can support your growth?<br><br>Best,<br>NexusAI Growth Team",Thanks for reaching out! I'm always interested in tools that can help streamline operations. Let's schedule a chat this week to discuss further.,Interested,Sent
Bruce,Wayne,bruce@waynetech.com,Wayne Enterprises,Chairman,Conglomerate,10000+,High,9,"The lead is the Chairman of Wayne Enterprises, a large conglomerate with over 10,000 employees. This position indicates high decision-making authority and significant budget potential for tech solutions.",The Strategic Conglomerate Leader,"A high-level executive who oversees a diverse range of businesses within a large conglomerate. They focus on long-term growth, strategic acquisitions, and maintaining competitive advantage across all sectors of the company. Bruce is constantly analyzing market trends and looking for innovative solutions that can be implemented across his portfolio to drive efficiency and profitability.",Unlocking Growth at Wayne Enterprises,"Hi Bruce,<br><br>As the <b>Chairman</b> of Wayne Enterprises, I believe you understand the importance of leveraging technology for competitive advantage. NexusAI's automation solutions are designed to streamline operations across large conglomerates, significantly enhancing ROI and positioning your firm as a market leader.<br><br>Open to a 5-minute chat to explore how we can support your vision?<br><br>Best,<br>NexusAI Growth Team",Thank you for reaching out. I’m interested in learning more about how NexusAI’s solutions can align with our strategic goals; can we schedule a brief call next week?,Interested,Sent
Pam,Beesly,p.beesly@dundermifflin.com,Dunder Mifflin,Office Administrator,Paper,10-50,Low,2,The lead is an Office Administrator at a small paper company with 10-50 employees. This role has limited decision-making authority and the industry is not aligned with AI or tech solutions.,The Efficiency Enthusiast,"A detail-oriented office administrator focused on streamlining operations and enhancing team productivity. Pam is passionate about optimizing workflows and ensuring that the office runs smoothly, often juggling multiple tasks and seeking effective solutions to improve efficiency.",Quick question regarding Dunder Mifflin operations,"Hi Pam,<br><br>As an <b>Office Administrator</b> at Dunder Mifflin, I thought you’d find value in how NexusAI helps teams like yours save time by automating manual tasks in the paper industry. Imagine streamlining operations and freeing up resources for more strategic initiatives.<br><br>Open to a 5-minute chat?<br>Best,<br>NexusAI Growth Team",Thanks for reaching out! I'm always looking for ways to improve efficiency—let's set up a time to chat about how NexusAI works.,Interested,Sent
Sam,Altman,sam@openai.com,OpenAI,CEO,Artificial Intelligence,500-1000,High,10,"The lead is the CEO of OpenAI, a prominent company in the Artificial Intelligence industry. With significant decision-making authority and a company size of 500-1000 employees, they have substantial budget potential for high-value partnerships in AI solutions.",The AI Trailblazer,A visionary leader in the AI sector who prioritizes innovation and strategic growth. They are driven by the desire to harness technology to solve complex challenges and maintain a competitive edge in a rapidly evolving industry.,Exploring AI Leadership Opportunities for OpenAI,"Hi Sam,<br><br>As the <b>CEO</b> of <b>OpenAI</b>, I believe you’re continually pushing the boundaries of what’s possible in the AI space. At NexusAI, we specialize in helping firms like yours automate data processes to enhance productivity and drive innovation.<br><br>Open to a 5-minute chat? I’d love to explore how we can support your vision for AI leadership.<br><br>Best,<br>NexusAI Growth Team",Thanks for reaching out! I'm always interested in exploring ways to enhance our productivity. Let's schedule a quick call this week to discuss your solutions further.,Interested,Sent
Anika,Tabassum,anika@brac-it.org,BRAC IT,Project Manager,Non-profit IT,200-500,Medium,6,"The lead is a Project Manager at a mid-sized non-profit IT organization. While the company size is within the medium range, the industry is not directly aligned with high-growth tech solutions, which limits the potential for a high-value partnership.",The Mission-Driven Organizer,"A dedicated project manager in the non-profit IT sector who strives to make a social impact while ensuring her team meets project deadlines efficiently. She is driven by the need to balance limited resources with high expectations from stakeholders, often seeking innovative solutions to enhance productivity and impact.",Streamlining Project Management at BRAC IT,"Hi Anika,<br><br>As a <b>Project Manager</b> at BRAC IT, I thought you might find value in how NexusAI helps non-profit organizations streamline their project workflows and eliminate time-consuming manual tasks. Imagine reclaiming hours each week for mission-critical activities while boosting team productivity!<br><br>Open to a 5-minute chat?<br><br>Best,<br>NexusAI Growth Team",Thanks for reaching out! I'm interested in learning more about how NexusAI can specifically support our non-profit projects. Do you have time for a chat this week?,Interested,Sent
John,Wick,j.wick@continental.com,The Continental,Safety Consultant,Hospitality,100-200,Low,2,"The lead is a Safety Consultant in the Hospitality industry, which is not directly related to AI or tech solutions. Additionally, the company size is small (100-200 employees), indicating limited budget potential.",The Safety Sentinel,"A vigilant advocate for safety standards in the hospitality sector, focused on ensuring compliance while enhancing guest experience. They prioritize risk management and operational efficiency to protect both patrons and staff.",Streamlining Safety Processes at The Continental,"Hi John,<br><br>As a <b>Safety Consultant</b> at The Continental, I thought you might find value in how NexusAI is helping hospitality firms like yours automate safety reporting processes. Imagine saving hours on manual tasks and ensuring compliance effortlessly!<br><br>Open to a 5-minute chat? <br><br>Best,<br>NexusAI Growth Team",Thanks for reaching out. I'm interested in learning more about how NexusAI could streamline our safety reporting processes. Can we schedule a brief call next week?,Interested,Sent
Sherlock,Holmes,s.holmes@221b.com,Consulting Detective,Founder,Legal Services,1-5,Low,2,"The lead is a Founder of a very small company in the Legal Services industry, which is unrelated to AI or tech solutions. Limited decision-making authority and budget potential.",The Analytical Innovator,A detail-oriented founder who leverages unique insights to solve complex legal challenges. They prioritize innovative solutions that enhance efficiency and client satisfaction in their small firm.,Quick question regarding Consulting Detective operations,"Hi Sherlock,<br><br>As the <b>Founder</b> at Consulting Detective, I thought you'd find it interesting how NexusAI can help streamline your workflows in the legal services space. With our automation solutions, you can save valuable time and focus on solving cases instead of manual data entry.<br><br>Open to a 5-minute chat to explore how we can assist you?<br><br>Best,<br>NexusAI Growth Team","Thanks for reaching out. I'm always looking for ways to improve efficiency, so I’d like to hear more. Can you provide a demo or some case studies?",Interested,Sent
Tanvir,Ahmed,tanvir@pathao.com,Pathao,Data Scientist,Logistics,500-1000,Medium,6,"The lead is a Data Scientist at a logistics company with 500-1000 employees. While the company size indicates potential budget, the job title suggests mid-level authority, which limits decision-making power regarding high-value partnerships.",The Data-Driven Innovator,"A meticulous and analytical professional who thrives on extracting insights from complex data sets. In the fast-paced logistics industry, they are focused on improving operational efficiency and leveraging big data to drive business decisions. They are always on the lookout for innovative tools and technologies that can enhance their analytical capabilities and streamline processes.",Quick question about automating data processes at Pathao,"Hi Tanvir,<br><br>As a <b>Data Scientist</b> at Pathao, I know you're focused on leveraging data to drive innovation in logistics.<br> NexusAI can help you automate time-consuming data processes, allowing your team to focus on more strategic projects. Imagine the productivity boost you could achieve by removing manual work!<br><br>Open to a 5-minute chat?<br>Best,<br>NexusAI Growth Team",Thanks for reaching out. I'm interested in learning more about how NexusAI can enhance our data processes—let's schedule a chat this week.,Interested,Sent
Mark,Zuckerberg,mark@meta.com,Meta,CEO,Social Media,10000+,High,9,"The lead is the CEO of Meta, a major player in the tech industry with over 10,000 employees. This position indicates high decision-making authority and significant budget potential for AI solutions.",The Digital Pioneer,A visionary leader driving the future of social media with innovative technologies. Mark is focused on creating engaging user experiences while navigating complex regulatory landscapes and fierce competition.,Unlocking New Heights for Meta,"Hi Mark,<br><br>As a <b>Digital Pioneer</b> at Meta, I believe you'd find value in how NexusAI is driving transformative automation for leading social media firms. Imagine enhancing your team's efficiency while gaining a competitive edge in the industry.<br><br>Open to a 5-minute chat to explore this further?<br><br>Best,<br>NexusAI Growth Team",Thanks for reaching out! I'm intrigued by how NexusAI can enhance our efficiency. Let’s schedule a quick chat this week to discuss further.,Interested,Sent
Jeb,Bush,jeb@bush-consulting.com,Bush Consulting,Independent Consultant,Politics,1,Low,2,"The lead is an Independent Consultant in the Politics industry with a company size of 1, indicating limited decision-making authority and budget potential for AI solutions.",The Political Strategist,"A seasoned consultant in the political arena, Jeb is focused on leveraging his expertise to influence decision-makers and shape public opinion. He is highly attuned to the nuances of political dynamics and seeks innovative solutions to navigate complex challenges.",Quick question regarding Bush Consulting operations,"Hi Jeb,<br><br>As an <b>Independent Consultant</b> in the <b>Politics</b> industry, I thought you’d appreciate how NexusAI can help streamline your workflow by automating routine tasks, giving you back valuable time to focus on strategy.<br><br>Open to a 5-minute chat?<br>Best,<br>NexusAI Growth Team","Thanks for reaching out. I’m currently focused on a few key projects, but I'm intrigued by what NexusAI offers. Can you send me some more details?",Interested,Sent
Harvey,Specter,h.specter@pearson-hardman.com,Pearson Hardman,Senior Partner,Law,200-500,Medium,6,"The lead is a Senior Partner at a mid-sized law firm. While they hold a senior position, the industry is not directly related to tech or AI, and the company size indicates moderate budget potential.",The Strategic Legal Architect,"A seasoned legal professional focused on building innovative legal strategies while navigating complex client needs. They prioritize efficiency, client satisfaction, and staying ahead of industry trends to maintain competitive advantage.",Streamlining operations at Pearson Hardman,"Hi Harvey,<br><br>As a Senior Partner at Pearson Hardman, you know how vital it is to streamline legal operations. With NexusAI, we help law firms like yours save time by automating manual tasks, allowing your team to focus on strategic case management instead.<br><br>Open to a 5-minute chat? I'd love to show you how we can enhance your productivity.<br><br>Best,<br>NexusAI Growth Team",Thanks for reaching out. I'm always looking for ways to enhance our operations; let's set up a time to chat this week.,Interested,Sent
